,bad_id,code,response_json
0,669,400,"{'Message': ""Parameter 'primarysymbols' has invalid value. Only a comma can be used to separate tickers. For dual class stocks, only a period or apostrophe are recognized characters.""}"
1,6286,400,"{'Message': ""Parameter 'primarysymbols' has invalid value. Only a comma can be used to separate tickers. For dual class stocks, only a period or apostrophe are recognized characters.""}"
2,6857,400,"{'Message': ""Parameter 'primarysymbols' has invalid value. Only a comma can be used to separate tickers. For dual class stocks, only a period or apostrophe are recognized characters.""}"
3,6752,400,"{'Message': ""Parameter 'primarysymbols' has invalid value. Only a comma can be used to separate tickers. For dual class stocks, only a period or apostrophe are recognized characters.""}"
4,500209,400,"{'Message': ""Parameter 'primarysymbols' has invalid value. Only a comma can be used to separate tickers. For dual class stocks, only a period or apostrophe are recognized characters.""}"
5,6473,400,"{'Message': ""Parameter 'primarysymbols' has invalid value. Only a comma can be used to separate tickers. For dual class stocks, only a period or apostrophe are recognized characters.""}"
6,7701,400,"{'Message': ""Parameter 'primarysymbols' has invalid value. Only a comma can be used to separate tickers. For dual class stocks, only a period or apostrophe are recognized characters.""}"
7,3045,400,"{'Message': ""Parameter 'primarysymbols' has invalid value. Only a comma can be used to separate tickers. For dual class stocks, only a period or apostrophe are recognized characters.""}"
8,BC8,400,"{'Message': ""Parameter 'primarysymbols' has invalid value. Only a comma can be used to separate tickers. For dual class stocks, only a period or apostrophe are recognized characters.""}"
9,175,400,"{'Message': ""Parameter 'primarysymbols' has invalid value. Only a comma can be used to separate tickers. For dual class stocks, only a period or apostrophe are recognized characters.""}"
10,1114,400,"{'Message': ""Parameter 'primarysymbols' has invalid value. Only a comma can be used to separate tickers. For dual class stocks, only a period or apostrophe are recognized characters.""}"
11,2311,400,"{'Message': ""Parameter 'primarysymbols' has invalid value. Only a comma can be used to separate tickers. For dual class stocks, only a period or apostrophe are recognized characters.""}"
12,2371,400,"{'Message': ""Parameter 'primarysymbols' has invalid value. Only a comma can be used to separate tickers. For dual class stocks, only a period or apostrophe are recognized characters.""}"
13,838,400,"{'Message': ""Parameter 'primarysymbols' has invalid value. Only a comma can be used to separate tickers. For dual class stocks, only a period or apostrophe are recognized characters.""}"
14,6702,400,"{'Message': ""Parameter 'primarysymbols' has invalid value. Only a comma can be used to separate tickers. For dual class stocks, only a period or apostrophe are recognized characters.""}"
15,2727,400,"{'Message': ""Parameter 'primarysymbols' has invalid value. Only a comma can be used to separate tickers. For dual class stocks, only a period or apostrophe are recognized characters.""}"
16,G1A,400,"{'Message': ""Parameter 'primarysymbols' has invalid value. Only a comma can be used to separate tickers. For dual class stocks, only a period or apostrophe are recognized characters.""}"
17,1999,400,"{'Message': ""Parameter 'primarysymbols' has invalid value. Only a comma can be used to separate tickers. For dual class stocks, only a period or apostrophe are recognized characters.""}"
18,7731,400,"{'Message': ""Parameter 'primarysymbols' has invalid value. Only a comma can be used to separate tickers. For dual class stocks, only a period or apostrophe are recognized characters.""}"
19,6302,400,"{'Message': ""Parameter 'primarysymbols' has invalid value. Only a comma can be used to separate tickers. For dual class stocks, only a period or apostrophe are recognized characters.""}"
20,A017670,400,"{'Message': ""Parameter 'primarysymbols' has invalid value. Only a comma can be used to separate tickers. For dual class stocks, only a period or apostrophe are recognized characters.""}"
21,1169,400,"{'Message': ""Parameter 'primarysymbols' has invalid value. Only a comma can be used to separate tickers. For dual class stocks, only a period or apostrophe are recognized characters.""}"
22,6762,400,"{'Message': ""Parameter 'primarysymbols' has invalid value. Only a comma can be used to separate tickers. For dual class stocks, only a period or apostrophe are recognized characters.""}"
23,A060980,400,"{'Message': ""Parameter 'primarysymbols' has invalid value. Only a comma can be used to separate tickers. For dual class stocks, only a period or apostrophe are recognized characters.""}"
24,7752,400,"{'Message': ""Parameter 'primarysymbols' has invalid value. Only a comma can be used to separate tickers. For dual class stocks, only a period or apostrophe are recognized characters.""}"
25,601607,400,"{'Message': ""Parameter 'primarysymbols' has invalid value. Only a comma can be used to separate tickers. For dual class stocks, only a period or apostrophe are recognized characters.""}"
26,6724,400,"{'Message': ""Parameter 'primarysymbols' has invalid value. Only a comma can be used to separate tickers. For dual class stocks, only a period or apostrophe are recognized characters.""}"
27,4543,400,"{'Message': ""Parameter 'primarysymbols' has invalid value. Only a comma can be used to separate tickers. For dual class stocks, only a period or apostrophe are recognized characters.""}"
28,5347,400,"{'Message': ""Parameter 'primarysymbols' has invalid value. Only a comma can be used to separate tickers. For dual class stocks, only a period or apostrophe are recognized characters.""}"
29,2317,400,"{'Message': ""Parameter 'primarysymbols' has invalid value. Only a comma can be used to separate tickers. For dual class stocks, only a period or apostrophe are recognized characters.""}"
30,9914,400,"{'Message': ""Parameter 'primarysymbols' has invalid value. Only a comma can be used to separate tickers. For dual class stocks, only a period or apostrophe are recognized characters.""}"
31,6728,400,"{'Message': ""Parameter 'primarysymbols' has invalid value. Only a comma can be used to separate tickers. For dual class stocks, only a period or apostrophe are recognized characters.""}"
32,7240,400,"{'Message': ""Parameter 'primarysymbols' has invalid value. Only a comma can be used to separate tickers. For dual class stocks, only a period or apostrophe are recognized characters.""}"
33,S51,400,"{'Message': ""Parameter 'primarysymbols' has invalid value. Only a comma can be used to separate tickers. For dual class stocks, only a period or apostrophe are recognized characters.""}"
34,6902,400,"{'Message': ""Parameter 'primarysymbols' has invalid value. Only a comma can be used to separate tickers. For dual class stocks, only a period or apostrophe are recognized characters.""}"
35,TOM2,400,"{'Message': ""Parameter 'primarysymbols' has invalid value. Only a comma can be used to separate tickers. For dual class stocks, only a period or apostrophe are recognized characters.""}"
36,2238,400,"{'Message': ""Parameter 'primarysymbols' has invalid value. Only a comma can be used to separate tickers. For dual class stocks, only a period or apostrophe are recognized characters.""}"
37,659,400,"{'Message': ""Parameter 'primarysymbols' has invalid value. Only a comma can be used to separate tickers. For dual class stocks, only a period or apostrophe are recognized characters.""}"
38,532667,400,"{'Message': ""Parameter 'primarysymbols' has invalid value. Only a comma can be used to separate tickers. For dual class stocks, only a period or apostrophe are recognized characters.""}"
39,566,400,"{'Message': ""Parameter 'primarysymbols' has invalid value. Only a comma can be used to separate tickers. For dual class stocks, only a period or apostrophe are recognized characters.""}"
40,6925,400,"{'Message': ""Parameter 'primarysymbols' has invalid value. Only a comma can be used to separate tickers. For dual class stocks, only a period or apostrophe are recognized characters.""}"
41,2018,400,"{'Message': ""Parameter 'primarysymbols' has invalid value. Only a comma can be used to separate tickers. For dual class stocks, only a period or apostrophe are recognized characters.""}"
42,S92,400,"{'Message': ""Parameter 'primarysymbols' has invalid value. Only a comma can be used to separate tickers. For dual class stocks, only a period or apostrophe are recognized characters.""}"
43,A005930,400,"{'Message': ""Parameter 'primarysymbols' has invalid value. Only a comma can be used to separate tickers. For dual class stocks, only a period or apostrophe are recognized characters.""}"
44,A097230,400,"{'Message': ""Parameter 'primarysymbols' has invalid value. Only a comma can be used to separate tickers. For dual class stocks, only a period or apostrophe are recognized characters.""}"
45,FI-N,400,"{'Message': ""Parameter 'primarysymbols' has invalid value. Only a comma can be used to separate tickers. For dual class stocks, only a period or apostrophe are recognized characters.""}"
46,3360,400,"{'Message': ""Parameter 'primarysymbols' has invalid value. Only a comma can be used to separate tickers. For dual class stocks, only a period or apostrophe are recognized characters.""}"
47,7751,400,"{'Message': ""Parameter 'primarysymbols' has invalid value. Only a comma can be used to separate tickers. For dual class stocks, only a period or apostrophe are recognized characters.""}"
48,3008,400,"{'Message': ""Parameter 'primarysymbols' has invalid value. Only a comma can be used to separate tickers. For dual class stocks, only a period or apostrophe are recognized characters.""}"
49,200581,400,"{'Message': ""Parameter 'primarysymbols' has invalid value. Only a comma can be used to separate tickers. For dual class stocks, only a period or apostrophe are recognized characters.""}"
50,A003600,400,"{'Message': ""Parameter 'primarysymbols' has invalid value. Only a comma can be used to separate tickers. For dual class stocks, only a period or apostrophe are recognized characters.""}"
51,2384,400,"{'Message': ""Parameter 'primarysymbols' has invalid value. Only a comma can be used to separate tickers. For dual class stocks, only a period or apostrophe are recognized characters.""}"
52,8036,400,"{'Message': ""Parameter 'primarysymbols' has invalid value. Only a comma can be used to separate tickers. For dual class stocks, only a period or apostrophe are recognized characters.""}"
53,2323,400,"{'Message': ""Parameter 'primarysymbols' has invalid value. Only a comma can be used to separate tickers. For dual class stocks, only a period or apostrophe are recognized characters.""}"
54,A010120,400,"{'Message': ""Parameter 'primarysymbols' has invalid value. Only a comma can be used to separate tickers. For dual class stocks, only a period or apostrophe are recognized characters.""}"
55,A005490,400,"{'Message': ""Parameter 'primarysymbols' has invalid value. Only a comma can be used to separate tickers. For dual class stocks, only a period or apostrophe are recognized characters.""}"
56,7741,400,"{'Message': ""Parameter 'primarysymbols' has invalid value. Only a comma can be used to separate tickers. For dual class stocks, only a period or apostrophe are recognized characters.""}"
57,O1BC,400,"{'Message': ""Parameter 'primarysymbols' has invalid value. Only a comma can be used to separate tickers. For dual class stocks, only a period or apostrophe are recognized characters.""}"
58,6268,400,"{'Message': ""Parameter 'primarysymbols' has invalid value. Only a comma can be used to separate tickers. For dual class stocks, only a period or apostrophe are recognized characters.""}"
59,2412,400,"{'Message': ""Parameter 'primarysymbols' has invalid value. Only a comma can be used to separate tickers. For dual class stocks, only a period or apostrophe are recognized characters.""}"
60,981,400,"{'Message': ""Parameter 'primarysymbols' has invalid value. Only a comma can be used to separate tickers. For dual class stocks, only a period or apostrophe are recognized characters.""}"
61,6971,400,"{'Message': ""Parameter 'primarysymbols' has invalid value. Only a comma can be used to separate tickers. For dual class stocks, only a period or apostrophe are recognized characters.""}"
62,ELI1V,400,"{'Message': ""Parameter 'primarysymbols' has invalid value. Only a comma can be used to separate tickers. For dual class stocks, only a period or apostrophe are recognized characters.""}"
63,6134,400,"{'Message': ""Parameter 'primarysymbols' has invalid value. Only a comma can be used to separate tickers. For dual class stocks, only a period or apostrophe are recognized characters.""}"
64,148,400,"{'Message': ""Parameter 'primarysymbols' has invalid value. Only a comma can be used to separate tickers. For dual class stocks, only a period or apostrophe are recognized characters.""}"
65,HUSQ B,400,"{'Message': ""Parameter 'primarysymbols' has invalid value. Parameter should contain only non-empty and non-whitespace string(s).""}"
66,2448,400,"{'Message': ""Parameter 'primarysymbols' has invalid value. Only a comma can be used to separate tickers. For dual class stocks, only a period or apostrophe are recognized characters.""}"
67,8130,400,"{'Message': ""Parameter 'primarysymbols' has invalid value. Only a comma can be used to separate tickers. For dual class stocks, only a period or apostrophe are recognized characters.""}"
68,ODPV3,400,"{'Message': ""Parameter 'primarysymbols' has invalid value. Only a comma can be used to separate tickers. For dual class stocks, only a period or apostrophe are recognized characters.""}"
69,552,400,"{'Message': ""Parameter 'primarysymbols' has invalid value. Only a comma can be used to separate tickers. For dual class stocks, only a period or apostrophe are recognized characters.""}"
70,A042670,400,"{'Message': ""Parameter 'primarysymbols' has invalid value. Only a comma can be used to separate tickers. For dual class stocks, only a period or apostrophe are recognized characters.""}"
71,1504,400,"{'Message': ""Parameter 'primarysymbols' has invalid value. Only a comma can be used to separate tickers. For dual class stocks, only a period or apostrophe are recognized characters.""}"
72,7201,400,"{'Message': ""Parameter 'primarysymbols' has invalid value. Only a comma can be used to separate tickers. For dual class stocks, only a period or apostrophe are recognized characters.""}"
73,1402,400,"{'Message': ""Parameter 'primarysymbols' has invalid value. Only a comma can be used to separate tickers. For dual class stocks, only a period or apostrophe are recognized characters.""}"
74,O2D,400,"{'Message': ""Parameter 'primarysymbols' has invalid value. Only a comma can be used to separate tickers. For dual class stocks, only a period or apostrophe are recognized characters.""}"
75,7735,400,"{'Message': ""Parameter 'primarysymbols' has invalid value. Only a comma can be used to separate tickers. For dual class stocks, only a period or apostrophe are recognized characters.""}"
76,2474,400,"{'Message': ""Parameter 'primarysymbols' has invalid value. Only a comma can be used to separate tickers. For dual class stocks, only a period or apostrophe are recognized characters.""}"
77,EKTA B,400,"{'Message': ""Parameter 'primarysymbols' has invalid value. Parameter should contain only non-empty and non-whitespace string(s).""}"
78,6141,400,"{'Message': ""Parameter 'primarysymbols' has invalid value. Only a comma can be used to separate tickers. For dual class stocks, only a period or apostrophe are recognized characters.""}"
79,631,400,"{'Message': ""Parameter 'primarysymbols' has invalid value. Only a comma can be used to separate tickers. For dual class stocks, only a period or apostrophe are recognized characters.""}"
80,1882,400,"{'Message': ""Parameter 'primarysymbols' has invalid value. Only a comma can be used to separate tickers. For dual class stocks, only a period or apostrophe are recognized characters.""}"
81,GGBR4,400,"{'Message': ""Parameter 'primarysymbols' has invalid value. Only a comma can be used to separate tickers. For dual class stocks, only a period or apostrophe are recognized characters.""}"
82,941,400,"{'Message': ""Parameter 'primarysymbols' has invalid value. Only a comma can be used to separate tickers. For dual class stocks, only a period or apostrophe are recognized characters.""}"
83,500049,400,"{'Message': ""Parameter 'primarysymbols' has invalid value. Only a comma can be used to separate tickers. For dual class stocks, only a period or apostrophe are recognized characters.""}"
84,2201,400,"{'Message': ""Parameter 'primarysymbols' has invalid value. Only a comma can be used to separate tickers. For dual class stocks, only a period or apostrophe are recognized characters.""}"
85,Z74,400,"{'Message': ""Parameter 'primarysymbols' has invalid value. Only a comma can be used to separate tickers. For dual class stocks, only a period or apostrophe are recognized characters.""}"
86,F83,400,"{'Message': ""Parameter 'primarysymbols' has invalid value. Only a comma can be used to separate tickers. For dual class stocks, only a period or apostrophe are recognized characters.""}"
87,2498,400,"{'Message': ""Parameter 'primarysymbols' has invalid value. Only a comma can be used to separate tickers. For dual class stocks, only a period or apostrophe are recognized characters.""}"
88,A035420,400,"{'Message': ""Parameter 'primarysymbols' has invalid value. Only a comma can be used to separate tickers. For dual class stocks, only a period or apostrophe are recognized characters.""}"
89,MMCCORP,400,"{'Message': ""Parameter 'primarysymbols' has invalid value. Only a comma can be used to separate tickers. For dual class stocks, only a period or apostrophe are recognized characters.""}"
90,700,400,"{'Message': ""Parameter 'primarysymbols' has invalid value. Only a comma can be used to separate tickers. For dual class stocks, only a period or apostrophe are recognized characters.""}"
91,ASETEK,400,"{'Message': ""Parameter 'primarysymbols' has invalid value. Only a comma can be used to separate tickers. For dual class stocks, only a period or apostrophe are recognized characters.""}"
92,507685,400,"{'Message': ""Parameter 'primarysymbols' has invalid value. Only a comma can be used to separate tickers. For dual class stocks, only a period or apostrophe are recognized characters.""}"
93,PS4,400,"{'Message': ""Parameter 'primarysymbols' has invalid value. Only a comma can be used to separate tickers. For dual class stocks, only a period or apostrophe are recognized characters.""}"
94,500570,400,"{'Message': ""Parameter 'primarysymbols' has invalid value. Only a comma can be used to separate tickers. For dual class stocks, only a period or apostrophe are recognized characters.""}"
95,532540,400,"{'Message': ""Parameter 'primarysymbols' has invalid value. Only a comma can be used to separate tickers. For dual class stocks, only a period or apostrophe are recognized characters.""}"
96,2308,400,"{'Message': ""Parameter 'primarysymbols' has invalid value. Only a comma can be used to separate tickers. For dual class stocks, only a period or apostrophe are recognized characters.""}"
97,6481,400,"{'Message': ""Parameter 'primarysymbols' has invalid value. Only a comma can be used to separate tickers. For dual class stocks, only a period or apostrophe are recognized characters.""}"
98,U96,400,"{'Message': ""Parameter 'primarysymbols' has invalid value. Only a comma can be used to separate tickers. For dual class stocks, only a period or apostrophe are recognized characters.""}"
99,4307,400,"{'Message': ""Parameter 'primarysymbols' has invalid value. Only a comma can be used to separate tickers. For dual class stocks, only a period or apostrophe are recognized characters.""}"
100,8,400,"{'Message': ""Parameter 'primarysymbols' has invalid value. Only a comma can be used to separate tickers. For dual class stocks, only a period or apostrophe are recognized characters.""}"
101,6839,400,"{'Message': ""Parameter 'primarysymbols' has invalid value. Only a comma can be used to separate tickers. For dual class stocks, only a period or apostrophe are recognized characters.""}"
102,MTELEKOM,400,"{'Message': ""Parameter 'primarysymbols' has invalid value. Only a comma can be used to separate tickers. For dual class stocks, only a period or apostrophe are recognized characters.""}"
103,6845,400,"{'Message': ""Parameter 'primarysymbols' has invalid value. Only a comma can be used to separate tickers. For dual class stocks, only a period or apostrophe are recognized characters.""}"
104,WRT1V,400,"{'Message': ""Parameter 'primarysymbols' has invalid value. Only a comma can be used to separate tickers. For dual class stocks, only a period or apostrophe are recognized characters.""}"
105,2324,400,"{'Message': ""Parameter 'primarysymbols' has invalid value. Only a comma can be used to separate tickers. For dual class stocks, only a period or apostrophe are recognized characters.""}"
106,A032640,400,"{'Message': ""Parameter 'primarysymbols' has invalid value. Only a comma can be used to separate tickers. For dual class stocks, only a period or apostrophe are recognized characters.""}"
107,267,400,"{'Message': ""Parameter 'primarysymbols' has invalid value. Only a comma can be used to separate tickers. For dual class stocks, only a period or apostrophe are recognized characters.""}"
108,2204,400,"{'Message': ""Parameter 'primarysymbols' has invalid value. Only a comma can be used to separate tickers. For dual class stocks, only a period or apostrophe are recognized characters.""}"
109,5947,400,"{'Message': ""Parameter 'primarysymbols' has invalid value. Only a comma can be used to separate tickers. For dual class stocks, only a period or apostrophe are recognized characters.""}"
110,8299,400,"{'Message': ""Parameter 'primarysymbols' has invalid value. Only a comma can be used to separate tickers. For dual class stocks, only a period or apostrophe are recognized characters.""}"
111,6504,400,"{'Message': ""Parameter 'primarysymbols' has invalid value. Only a comma can be used to separate tickers. For dual class stocks, only a period or apostrophe are recognized characters.""}"
112,7762,400,"{'Message': ""Parameter 'primarysymbols' has invalid value. Only a comma can be used to separate tickers. For dual class stocks, only a period or apostrophe are recognized characters.""}"
113,6954,400,"{'Message': ""Parameter 'primarysymbols' has invalid value. Only a comma can be used to separate tickers. For dual class stocks, only a period or apostrophe are recognized characters.""}"
114,1133,400,"{'Message': ""Parameter 'primarysymbols' has invalid value. Only a comma can be used to separate tickers. For dual class stocks, only a period or apostrophe are recognized characters.""}"
115,317,400,"{'Message': ""Parameter 'primarysymbols' has invalid value. Only a comma can be used to separate tickers. For dual class stocks, only a period or apostrophe are recognized characters.""}"
116,6770,400,"{'Message': ""Parameter 'primarysymbols' has invalid value. Only a comma can be used to separate tickers. For dual class stocks, only a period or apostrophe are recognized characters.""}"
117,A011070,400,"{'Message': ""Parameter 'primarysymbols' has invalid value. Only a comma can be used to separate tickers. For dual class stocks, only a period or apostrophe are recognized characters.""}"
118,2347,400,"{'Message': ""Parameter 'primarysymbols' has invalid value. Only a comma can be used to separate tickers. For dual class stocks, only a period or apostrophe are recognized characters.""}"
119,6448,400,"{'Message': ""Parameter 'primarysymbols' has invalid value. Only a comma can be used to separate tickers. For dual class stocks, only a period or apostrophe are recognized characters.""}"
120,V03,400,"{'Message': ""Parameter 'primarysymbols' has invalid value. Only a comma can be used to separate tickers. For dual class stocks, only a period or apostrophe are recognized characters.""}"
121,5334,400,"{'Message': ""Parameter 'primarysymbols' has invalid value. Only a comma can be used to separate tickers. For dual class stocks, only a period or apostrophe are recognized characters.""}"
122,4902,400,"{'Message': ""Parameter 'primarysymbols' has invalid value. Only a comma can be used to separate tickers. For dual class stocks, only a period or apostrophe are recognized characters.""}"
123,8086,400,"{'Message': ""Parameter 'primarysymbols' has invalid value. Only a comma can be used to separate tickers. For dual class stocks, only a period or apostrophe are recognized characters.""}"
124,532712,400,"{'Message': ""Parameter 'primarysymbols' has invalid value. Only a comma can be used to separate tickers. For dual class stocks, only a period or apostrophe are recognized characters.""}"
125,6758,400,"{'Message': ""Parameter 'primarysymbols' has invalid value. Only a comma can be used to separate tickers. For dual class stocks, only a period or apostrophe are recognized characters.""}"
126,6465,400,"{'Message': ""Parameter 'primarysymbols' has invalid value. Only a comma can be used to separate tickers. For dual class stocks, only a period or apostrophe are recognized characters.""}"
127,PAH3,400,"{'Message': ""Parameter 'primarysymbols' has invalid value. Only a comma can be used to separate tickers. For dual class stocks, only a period or apostrophe are recognized characters.""}"
128,2325,400,"{'Message': ""Parameter 'primarysymbols' has invalid value. Only a comma can be used to separate tickers. For dual class stocks, only a period or apostrophe are recognized characters.""}"
129,A006400,400,"{'Message': ""Parameter 'primarysymbols' has invalid value. Only a comma can be used to separate tickers. For dual class stocks, only a period or apostrophe are recognized characters.""}"
130,2330,400,"{'Message': ""Parameter 'primarysymbols' has invalid value. Only a comma can be used to separate tickers. For dual class stocks, only a period or apostrophe are recognized characters.""}"
131,7267,400,"{'Message': ""Parameter 'primarysymbols' has invalid value. Only a comma can be used to separate tickers. For dual class stocks, only a period or apostrophe are recognized characters.""}"
132,992,400,"{'Message': ""Parameter 'primarysymbols' has invalid value. Only a comma can be used to separate tickers. For dual class stocks, only a period or apostrophe are recognized characters.""}"
133,7248,400,"{'Message': ""Parameter 'primarysymbols' has invalid value. Only a comma can be used to separate tickers. For dual class stocks, only a period or apostrophe are recognized characters.""}"
134,A042660,400,"{'Message': ""Parameter 'primarysymbols' has invalid value. Only a comma can be used to separate tickers. For dual class stocks, only a period or apostrophe are recognized characters.""}"
135,POMO4,400,"{'Message': ""Parameter 'primarysymbols' has invalid value. Only a comma can be used to separate tickers. For dual class stocks, only a period or apostrophe are recognized characters.""}"
136,A010620,400,"{'Message': ""Parameter 'primarysymbols' has invalid value. Only a comma can be used to separate tickers. For dual class stocks, only a period or apostrophe are recognized characters.""}"
137,2395,400,"{'Message': ""Parameter 'primarysymbols' has invalid value. Only a comma can be used to separate tickers. For dual class stocks, only a period or apostrophe are recognized characters.""}"
138,1507,400,"{'Message': ""Parameter 'primarysymbols' has invalid value. Only a comma can be used to separate tickers. For dual class stocks, only a period or apostrophe are recognized characters.""}"
139,3702,400,"{'Message': ""Parameter 'primarysymbols' has invalid value. Only a comma can be used to separate tickers. For dual class stocks, only a period or apostrophe are recognized characters.""}"
140,4904,400,"{'Message': ""Parameter 'primarysymbols' has invalid value. Only a comma can be used to separate tickers. For dual class stocks, only a period or apostrophe are recognized characters.""}"
141,NDX1,400,"{'Message': ""Parameter 'primarysymbols' has invalid value. Only a comma can be used to separate tickers. For dual class stocks, only a period or apostrophe are recognized characters.""}"
142,5631,400,"{'Message': ""Parameter 'primarysymbols' has invalid value. Only a comma can be used to separate tickers. For dual class stocks, only a period or apostrophe are recognized characters.""}"
143,3231,400,"{'Message': ""Parameter 'primarysymbols' has invalid value. Only a comma can be used to separate tickers. For dual class stocks, only a period or apostrophe are recognized characters.""}"
144,VOLV B,400,"{'Message': ""Parameter 'primarysymbols' has invalid value. Parameter should contain only non-empty and non-whitespace string(s).""}"
145,500182,400,"{'Message': ""Parameter 'primarysymbols' has invalid value. Only a comma can be used to separate tickers. For dual class stocks, only a period or apostrophe are recognized characters.""}"
146,6201,400,"{'Message': ""Parameter 'primarysymbols' has invalid value. Only a comma can be used to separate tickers. For dual class stocks, only a period or apostrophe are recognized characters.""}"
147,BIONORO,400,"{'Message': ""Parameter 'primarysymbols' has invalid value. Only a comma can be used to separate tickers. For dual class stocks, only a period or apostrophe are recognized characters.""}"
148,RICH-N-0000,400,"{'Message': ""Parameter 'primarysymbols' has invalid value. Only a comma can be used to separate tickers. For dual class stocks, only a period or apostrophe are recognized characters.""}"
149,5483,400,"{'Message': ""Parameter 'primarysymbols' has invalid value. Only a comma can be used to separate tickers. For dual class stocks, only a period or apostrophe are recognized characters.""}"
150,7832,400,"{'Message': ""Parameter 'primarysymbols' has invalid value. Only a comma can be used to separate tickers. For dual class stocks, only a period or apostrophe are recognized characters.""}"
151,5991,400,"{'Message': ""Parameter 'primarysymbols' has invalid value. Only a comma can be used to separate tickers. For dual class stocks, only a period or apostrophe are recognized characters.""}"
152,A066570,400,"{'Message': ""Parameter 'primarysymbols' has invalid value. Only a comma can be used to separate tickers. For dual class stocks, only a period or apostrophe are recognized characters.""}"
153,A011210,400,"{'Message': ""Parameter 'primarysymbols' has invalid value. Only a comma can be used to separate tickers. For dual class stocks, only a period or apostrophe are recognized characters.""}"
154,6457,400,"{'Message': ""Parameter 'primarysymbols' has invalid value. Only a comma can be used to separate tickers. For dual class stocks, only a period or apostrophe are recognized characters.""}"
155,4704,400,"{'Message': ""Parameter 'primarysymbols' has invalid value. Only a comma can be used to separate tickers. For dual class stocks, only a period or apostrophe are recognized characters.""}"
156,9432,400,"{'Message': ""Parameter 'primarysymbols' has invalid value. Only a comma can be used to separate tickers. For dual class stocks, only a period or apostrophe are recognized characters.""}"
157,2451,400,"{'Message': ""Parameter 'primarysymbols' has invalid value. Only a comma can be used to separate tickers. For dual class stocks, only a period or apostrophe are recognized characters.""}"
158,5214,400,"{'Message': ""Parameter 'primarysymbols' has invalid value. Only a comma can be used to separate tickers. For dual class stocks, only a period or apostrophe are recognized characters.""}"
159,A011810,400,"{'Message': ""Parameter 'primarysymbols' has invalid value. Only a comma can be used to separate tickers. For dual class stocks, only a period or apostrophe are recognized characters.""}"
160,6301,400,"{'Message': ""Parameter 'primarysymbols' has invalid value. Only a comma can be used to separate tickers. For dual class stocks, only a period or apostrophe are recognized characters.""}"
161,1590,400,"{'Message': ""Parameter 'primarysymbols' has invalid value. Only a comma can be used to separate tickers. For dual class stocks, only a period or apostrophe are recognized characters.""}"
162,002202,400,"{'Message': ""Parameter 'primarysymbols' has invalid value. Only a comma can be used to separate tickers. For dual class stocks, only a period or apostrophe are recognized characters.""}"
163,500295,400,"{'Message': ""Parameter 'primarysymbols' has invalid value. Only a comma can be used to separate tickers. For dual class stocks, only a period or apostrophe are recognized characters.""}"
164,500483,400,"{'Message': ""Parameter 'primarysymbols' has invalid value. Only a comma can be used to separate tickers. For dual class stocks, only a period or apostrophe are recognized characters.""}"
165,3673,400,"{'Message': ""Parameter 'primarysymbols' has invalid value. Only a comma can be used to separate tickers. For dual class stocks, only a period or apostrophe are recognized characters.""}"
166,3658,400,"{'Message': ""Parameter 'primarysymbols' has invalid value. Only a comma can be used to separate tickers. For dual class stocks, only a period or apostrophe are recognized characters.""}"
167,6239,400,"{'Message': ""Parameter 'primarysymbols' has invalid value. Only a comma can be used to separate tickers. For dual class stocks, only a period or apostrophe are recognized characters.""}"
168,500477,400,"{'Message': ""Parameter 'primarysymbols' has invalid value. Only a comma can be used to separate tickers. For dual class stocks, only a period or apostrophe are recognized characters.""}"
169,A161390,400,"{'Message': ""Parameter 'primarysymbols' has invalid value. Only a comma can be used to separate tickers. For dual class stocks, only a period or apostrophe are recognized characters.""}"
170,6806,400,"{'Message': ""Parameter 'primarysymbols' has invalid value. Only a comma can be used to separate tickers. For dual class stocks, only a period or apostrophe are recognized characters.""}"
171,A034220,400,"{'Message': ""Parameter 'primarysymbols' has invalid value. Only a comma can be used to separate tickers. For dual class stocks, only a period or apostrophe are recognized characters.""}"
172,2784,400,"{'Message': ""Parameter 'primarysymbols' has invalid value. Only a comma can be used to separate tickers. For dual class stocks, only a period or apostrophe are recognized characters.""}"
173,7012,400,"{'Message': ""Parameter 'primarysymbols' has invalid value. Only a comma can be used to separate tickers. For dual class stocks, only a period or apostrophe are recognized characters.""}"
174,A030200,400,"{'Message': ""Parameter 'primarysymbols' has invalid value. Only a comma can be used to separate tickers. For dual class stocks, only a period or apostrophe are recognized characters.""}"
175,6952,400,"{'Message': ""Parameter 'primarysymbols' has invalid value. Only a comma can be used to separate tickers. For dual class stocks, only a period or apostrophe are recognized characters.""}"
176,GETI B,400,"{'Message': ""Parameter 'primarysymbols' has invalid value. Parameter should contain only non-empty and non-whitespace string(s).""}"
177,7262,400,"{'Message': ""Parameter 'primarysymbols' has invalid value. Only a comma can be used to separate tickers. For dual class stocks, only a period or apostrophe are recognized characters.""}"
178,QUAL3,400,"{'Message': ""Parameter 'primarysymbols' has invalid value. Only a comma can be used to separate tickers. For dual class stocks, only a period or apostrophe are recognized characters.""}"
179,A009150,400,"{'Message': ""Parameter 'primarysymbols' has invalid value. Only a comma can be used to separate tickers. For dual class stocks, only a period or apostrophe are recognized characters.""}"
180,9697,400,"{'Message': ""Parameter 'primarysymbols' has invalid value. Only a comma can be used to separate tickers. For dual class stocks, only a period or apostrophe are recognized characters.""}"
181,2413,400,"{'Message': ""Parameter 'primarysymbols' has invalid value. Only a comma can be used to separate tickers. For dual class stocks, only a period or apostrophe are recognized characters.""}"
182,4716,400,"{'Message': ""Parameter 'primarysymbols' has invalid value. Only a comma can be used to separate tickers. For dual class stocks, only a period or apostrophe are recognized characters.""}"
183,1072,400,"{'Message': ""Parameter 'primarysymbols' has invalid value. Only a comma can be used to separate tickers. For dual class stocks, only a period or apostrophe are recognized characters.""}"
184,1893,400,"{'Message': ""Parameter 'primarysymbols' has invalid value. Only a comma can be used to separate tickers. For dual class stocks, only a period or apostrophe are recognized characters.""}"
185,7278,400,"{'Message': ""Parameter 'primarysymbols' has invalid value. Only a comma can be used to separate tickers. For dual class stocks, only a period or apostrophe are recognized characters.""}"
186,508869,400,"{'Message': ""Parameter 'primarysymbols' has invalid value. Only a comma can be used to separate tickers. For dual class stocks, only a period or apostrophe are recognized characters.""}"
187,7013,400,"{'Message': ""Parameter 'primarysymbols' has invalid value. Only a comma can be used to separate tickers. For dual class stocks, only a period or apostrophe are recognized characters.""}"
188,900909,400,"{'Message': ""Parameter 'primarysymbols' has invalid value. Only a comma can be used to separate tickers. For dual class stocks, only a period or apostrophe are recognized characters.""}"
189,7242,400,"{'Message': ""Parameter 'primarysymbols' has invalid value. Only a comma can be used to separate tickers. For dual class stocks, only a period or apostrophe are recognized characters.""}"
190,2362,400,"{'Message': ""Parameter 'primarysymbols' has invalid value. Only a comma can be used to separate tickers. For dual class stocks, only a period or apostrophe are recognized characters.""}"
191,6869,400,"{'Message': ""Parameter 'primarysymbols' has invalid value. Only a comma can be used to separate tickers. For dual class stocks, only a period or apostrophe are recognized characters.""}"
192,8035,400,"{'Message': ""Parameter 'primarysymbols' has invalid value. Only a comma can be used to separate tickers. For dual class stocks, only a period or apostrophe are recognized characters.""}"
193,7459,400,"{'Message': ""Parameter 'primarysymbols' has invalid value. Only a comma can be used to separate tickers. For dual class stocks, only a period or apostrophe are recognized characters.""}"
194,7205,400,"{'Message': ""Parameter 'primarysymbols' has invalid value. Only a comma can be used to separate tickers. For dual class stocks, only a period or apostrophe are recognized characters.""}"
195,534816,400,"{'Message': ""Parameter 'primarysymbols' has invalid value. Only a comma can be used to separate tickers. For dual class stocks, only a period or apostrophe are recognized characters.""}"
196,7222,400,"{'Message': ""Parameter 'primarysymbols' has invalid value. Only a comma can be used to separate tickers. For dual class stocks, only a period or apostrophe are recognized characters.""}"
197,868,400,"{'Message': ""Parameter 'primarysymbols' has invalid value. Only a comma can be used to separate tickers. For dual class stocks, only a period or apostrophe are recognized characters.""}"
198,A003550,400,"{'Message': ""Parameter 'primarysymbols' has invalid value. Only a comma can be used to separate tickers. For dual class stocks, only a period or apostrophe are recognized characters.""}"
199,6305,400,"{'Message': ""Parameter 'primarysymbols' has invalid value. Only a comma can be used to separate tickers. For dual class stocks, only a period or apostrophe are recognized characters.""}"
200,GCARSO A1,400,"{'Message': ""Parameter 'primarysymbols' has invalid value. Parameter should contain only non-empty and non-whitespace string(s).""}"
201,6326,400,"{'Message': ""Parameter 'primarysymbols' has invalid value. Only a comma can be used to separate tickers. For dual class stocks, only a period or apostrophe are recognized characters.""}"
202,600050,400,"{'Message': ""Parameter 'primarysymbols' has invalid value. Only a comma can be used to separate tickers. For dual class stocks, only a period or apostrophe are recognized characters.""}"
203,5803,400,"{'Message': ""Parameter 'primarysymbols' has invalid value. Only a comma can be used to separate tickers. For dual class stocks, only a period or apostrophe are recognized characters.""}"
204,6965,400,"{'Message': ""Parameter 'primarysymbols' has invalid value. Only a comma can be used to separate tickers. For dual class stocks, only a period or apostrophe are recognized characters.""}"
205,6586,400,"{'Message': ""Parameter 'primarysymbols' has invalid value. Only a comma can be used to separate tickers. For dual class stocks, only a period or apostrophe are recognized characters.""}"
206,3481,400,"{'Message': ""Parameter 'primarysymbols' has invalid value. Only a comma can be used to separate tickers. For dual class stocks, only a period or apostrophe are recognized characters.""}"
207,BS6,400,"{'Message': ""Parameter 'primarysymbols' has invalid value. Only a comma can be used to separate tickers. For dual class stocks, only a period or apostrophe are recognized characters.""}"
208,7211,400,"{'Message': ""Parameter 'primarysymbols' has invalid value. Only a comma can be used to separate tickers. For dual class stocks, only a period or apostrophe are recognized characters.""}"
209,ALFA A,400,"{'Message': ""Parameter 'primarysymbols' has invalid value. Parameter should contain only non-empty and non-whitespace string(s).""}"
210,7733,400,"{'Message': ""Parameter 'primarysymbols' has invalid value. Only a comma can be used to separate tickers. For dual class stocks, only a period or apostrophe are recognized characters.""}"
211,6923,400,"{'Message': ""Parameter 'primarysymbols' has invalid value. Only a comma can be used to separate tickers. For dual class stocks, only a period or apostrophe are recognized characters.""}"
212,MEDICA B,400,"{'Message': ""Parameter 'primarysymbols' has invalid value. Parameter should contain only non-empty and non-whitespace string(s).""}"
213,6412,400,"{'Message': ""Parameter 'primarysymbols' has invalid value. Only a comma can be used to separate tickers. For dual class stocks, only a period or apostrophe are recognized characters.""}"
214,6273,400,"{'Message': ""Parameter 'primarysymbols' has invalid value. Only a comma can be used to separate tickers. For dual class stocks, only a period or apostrophe are recognized characters.""}"
215,3899,400,"{'Message': ""Parameter 'primarysymbols' has invalid value. Only a comma can be used to separate tickers. For dual class stocks, only a period or apostrophe are recognized characters.""}"
216,532977,400,"{'Message': ""Parameter 'primarysymbols' has invalid value. Only a comma can be used to separate tickers. For dual class stocks, only a period or apostrophe are recognized characters.""}"
217,531209,400,"{'Message': ""Parameter 'primarysymbols' has invalid value. Only a comma can be used to separate tickers. For dual class stocks, only a period or apostrophe are recognized characters.""}"
218,3632,400,"{'Message': ""Parameter 'primarysymbols' has invalid value. Only a comma can be used to separate tickers. For dual class stocks, only a period or apostrophe are recognized characters.""}"
219,2352,400,"{'Message': ""Parameter 'primarysymbols' has invalid value. Only a comma can be used to separate tickers. For dual class stocks, only a period or apostrophe are recognized characters.""}"
220,SKF B,400,"{'Message': ""Parameter 'primarysymbols' has invalid value. Parameter should contain only non-empty and non-whitespace string(s).""}"
221,215,400,"{'Message': ""Parameter 'primarysymbols' has invalid value. Only a comma can be used to separate tickers. For dual class stocks, only a period or apostrophe are recognized characters.""}"
222,303,400,"{'Message': ""Parameter 'primarysymbols' has invalid value. Only a comma can be used to separate tickers. For dual class stocks, only a period or apostrophe are recognized characters.""}"
223,6841,400,"{'Message': ""Parameter 'primarysymbols' has invalid value. Only a comma can be used to separate tickers. For dual class stocks, only a period or apostrophe are recognized characters.""}"
224,6116,400,"{'Message': ""Parameter 'primarysymbols' has invalid value. Only a comma can be used to separate tickers. For dual class stocks, only a period or apostrophe are recognized characters.""}"
225,HEXA B,400,"{'Message': ""Parameter 'primarysymbols' has invalid value. Parameter should contain only non-empty and non-whitespace string(s).""}"
226,CIEL3,400,"{'Message': ""Parameter 'primarysymbols' has invalid value. Only a comma can be used to separate tickers. For dual class stocks, only a period or apostrophe are recognized characters.""}"
227,TREL B,400,"{'Message': ""Parameter 'primarysymbols' has invalid value. Parameter should contain only non-empty and non-whitespace string(s).""}"
228,3561,400,"{'Message': ""Parameter 'primarysymbols' has invalid value. Only a comma can be used to separate tickers. For dual class stocks, only a period or apostrophe are recognized characters.""}"
229,AMX L,400,"{'Message': ""Parameter 'primarysymbols' has invalid value. Parameter should contain only non-empty and non-whitespace string(s).""}"
230,179,400,"{'Message': ""Parameter 'primarysymbols' has invalid value. Only a comma can be used to separate tickers. For dual class stocks, only a period or apostrophe are recognized characters.""}"
231,ADVANC,400,"{'Message': ""Parameter 'primarysymbols' has invalid value. Only a comma can be used to separate tickers. For dual class stocks, only a period or apostrophe are recognized characters.""}"
232,1211,400,"{'Message': ""Parameter 'primarysymbols' has invalid value. Only a comma can be used to separate tickers. For dual class stocks, only a period or apostrophe are recognized characters.""}"
233,4684,400,"{'Message': ""Parameter 'primarysymbols' has invalid value. Only a comma can be used to separate tickers. For dual class stocks, only a period or apostrophe are recognized characters.""}"
234,7716,400,"{'Message': ""Parameter 'primarysymbols' has invalid value. Only a comma can be used to separate tickers. For dual class stocks, only a period or apostrophe are recognized characters.""}"
235,6222,400,"{'Message': ""Parameter 'primarysymbols' has invalid value. Only a comma can be used to separate tickers. For dual class stocks, only a period or apostrophe are recognized characters.""}"
236,6176,400,"{'Message': ""Parameter 'primarysymbols' has invalid value. Only a comma can be used to separate tickers. For dual class stocks, only a period or apostrophe are recognized characters.""}"
237,OIBR4,400,"{'Message': ""Parameter 'primarysymbols' has invalid value. Only a comma can be used to separate tickers. For dual class stocks, only a period or apostrophe are recognized characters.""}"
238,ZIL2,400,"{'Message': ""Parameter 'primarysymbols' has invalid value. Only a comma can be used to separate tickers. For dual class stocks, only a period or apostrophe are recognized characters.""}"
239,3044,400,"{'Message': ""Parameter 'primarysymbols' has invalid value. Only a comma can be used to separate tickers. For dual class stocks, only a period or apostrophe are recognized characters.""}"
240,7203,400,"{'Message': ""Parameter 'primarysymbols' has invalid value. Only a comma can be used to separate tickers. For dual class stocks, only a period or apostrophe are recognized characters.""}"
241,7272,400,"{'Message': ""Parameter 'primarysymbols' has invalid value. Only a comma can be used to separate tickers. For dual class stocks, only a period or apostrophe are recognized characters.""}"
242,532755,400,"{'Message': ""Parameter 'primarysymbols' has invalid value. Only a comma can be used to separate tickers. For dual class stocks, only a period or apostrophe are recognized characters.""}"
243,NOVO B,400,"{'Message': ""Parameter 'primarysymbols' has invalid value. Parameter should contain only non-empty and non-whitespace string(s).""}"
244,500002,400,"{'Message': ""Parameter 'primarysymbols' has invalid value. Only a comma can be used to separate tickers. For dual class stocks, only a period or apostrophe are recognized characters.""}"
245,2105,400,"{'Message': ""Parameter 'primarysymbols' has invalid value. Only a comma can be used to separate tickers. For dual class stocks, only a period or apostrophe are recognized characters.""}"
246,A000150,400,"{'Message': ""Parameter 'primarysymbols' has invalid value. Only a comma can be used to separate tickers. For dual class stocks, only a period or apostrophe are recognized characters.""}"
247,6502,400,"{'Message': ""Parameter 'primarysymbols' has invalid value. Only a comma can be used to separate tickers. For dual class stocks, only a period or apostrophe are recognized characters.""}"
248,6121,400,"{'Message': ""Parameter 'primarysymbols' has invalid value. Only a comma can be used to separate tickers. For dual class stocks, only a period or apostrophe are recognized characters.""}"
249,900925,400,"{'Message': ""Parameter 'primarysymbols' has invalid value. Only a comma can be used to separate tickers. For dual class stocks, only a period or apostrophe are recognized characters.""}"
250,3037,400,"{'Message': ""Parameter 'primarysymbols' has invalid value. Only a comma can be used to separate tickers. For dual class stocks, only a period or apostrophe are recognized characters.""}"
251,532532,400,"{'Message': ""Parameter 'primarysymbols' has invalid value. Only a comma can be used to separate tickers. For dual class stocks, only a period or apostrophe are recognized characters.""}"
252,INTUCH,400,"{'Message': ""Parameter 'primarysymbols' has invalid value. Only a comma can be used to separate tickers. For dual class stocks, only a period or apostrophe are recognized characters.""}"
253,BN4,400,"{'Message': ""Parameter 'primarysymbols' has invalid value. Only a comma can be used to separate tickers. For dual class stocks, only a period or apostrophe are recognized characters.""}"
254,658,400,"{'Message': ""Parameter 'primarysymbols' has invalid value. Only a comma can be used to separate tickers. For dual class stocks, only a period or apostrophe are recognized characters.""}"
255,3800,400,"{'Message': ""Parameter 'primarysymbols' has invalid value. Only a comma can be used to separate tickers. For dual class stocks, only a period or apostrophe are recognized characters.""}"
256,6976,400,"{'Message': ""Parameter 'primarysymbols' has invalid value. Only a comma can be used to separate tickers. For dual class stocks, only a period or apostrophe are recognized characters.""}"
257,2038,400,"{'Message': ""Parameter 'primarysymbols' has invalid value. Only a comma can be used to separate tickers. For dual class stocks, only a period or apostrophe are recognized characters.""}"
258,5802,400,"{'Message': ""Parameter 'primarysymbols' has invalid value. Only a comma can be used to separate tickers. For dual class stocks, only a period or apostrophe are recognized characters.""}"
259,200550,400,"{'Message': ""Parameter 'primarysymbols' has invalid value. Only a comma can be used to separate tickers. For dual class stocks, only a period or apostrophe are recognized characters.""}"
260,9984,400,"{'Message': ""Parameter 'primarysymbols' has invalid value. Only a comma can be used to separate tickers. For dual class stocks, only a period or apostrophe are recognized characters.""}"
261,8046,400,"{'Message': ""Parameter 'primarysymbols' has invalid value. Only a comma can be used to separate tickers. For dual class stocks, only a period or apostrophe are recognized characters.""}"
262,5101,400,"{'Message': ""Parameter 'primarysymbols' has invalid value. Only a comma can be used to separate tickers. For dual class stocks, only a period or apostrophe are recognized characters.""}"
263,500550,400,"{'Message': ""Parameter 'primarysymbols' has invalid value. Only a comma can be used to separate tickers. For dual class stocks, only a period or apostrophe are recognized characters.""}"
264,2393,400,"{'Message': ""Parameter 'primarysymbols' has invalid value. Only a comma can be used to separate tickers. For dual class stocks, only a period or apostrophe are recognized characters.""}"
265,7270,400,"{'Message': ""Parameter 'primarysymbols' has invalid value. Only a comma can be used to separate tickers. For dual class stocks, only a period or apostrophe are recognized characters.""}"
266,6861,400,"{'Message': ""Parameter 'primarysymbols' has invalid value. Only a comma can be used to separate tickers. For dual class stocks, only a period or apostrophe are recognized characters.""}"
267,6146,400,"{'Message': ""Parameter 'primarysymbols' has invalid value. Only a comma can be used to separate tickers. For dual class stocks, only a period or apostrophe are recognized characters.""}"
268,6674,400,"{'Message': ""Parameter 'primarysymbols' has invalid value. Only a comma can be used to separate tickers. For dual class stocks, only a period or apostrophe are recognized characters.""}"
269,6981,400,"{'Message': ""Parameter 'primarysymbols' has invalid value. Only a comma can be used to separate tickers. For dual class stocks, only a period or apostrophe are recognized characters.""}"
270,6479,400,"{'Message': ""Parameter 'primarysymbols' has invalid value. Only a comma can be used to separate tickers. For dual class stocks, only a period or apostrophe are recognized characters.""}"
271,AXIATA,400,"{'Message': ""Parameter 'primarysymbols' has invalid value. Only a comma can be used to separate tickers. For dual class stocks, only a period or apostrophe are recognized characters.""}"
272,3808,400,"{'Message': ""Parameter 'primarysymbols' has invalid value. Only a comma can be used to separate tickers. For dual class stocks, only a period or apostrophe are recognized characters.""}"
273,INCKEN,400,"{'Message': ""Parameter 'primarysymbols' has invalid value. Only a comma can be used to separate tickers. For dual class stocks, only a period or apostrophe are recognized characters.""}"
274,7269,400,"{'Message': ""Parameter 'primarysymbols' has invalid value. Only a comma can be used to separate tickers. For dual class stocks, only a period or apostrophe are recognized characters.""}"
275,762,400,"{'Message': ""Parameter 'primarysymbols' has invalid value. Only a comma can be used to separate tickers. For dual class stocks, only a period or apostrophe are recognized characters.""}"
276,7202,400,"{'Message': ""Parameter 'primarysymbols' has invalid value. Only a comma can be used to separate tickers. For dual class stocks, only a period or apostrophe are recognized characters.""}"
277,CC3,400,"{'Message': ""Parameter 'primarysymbols' has invalid value. Only a comma can be used to separate tickers. For dual class stocks, only a period or apostrophe are recognized characters.""}"
278,500093,400,"{'Message': ""Parameter 'primarysymbols' has invalid value. Only a comma can be used to separate tickers. For dual class stocks, only a period or apostrophe are recognized characters.""}"
279,BJCORP,400,"{'Message': ""Parameter 'primarysymbols' has invalid value. Only a comma can be used to separate tickers. For dual class stocks, only a period or apostrophe are recognized characters.""}"
280,TEL2 B,400,"{'Message': ""Parameter 'primarysymbols' has invalid value. Parameter should contain only non-empty and non-whitespace string(s).""}"
281,489,400,"{'Message': ""Parameter 'primarysymbols' has invalid value. Only a comma can be used to separate tickers. For dual class stocks, only a period or apostrophe are recognized characters.""}"
282,7011,400,"{'Message': ""Parameter 'primarysymbols' has invalid value. Only a comma can be used to separate tickers. For dual class stocks, only a period or apostrophe are recognized characters.""}"
283,3659,400,"{'Message': ""Parameter 'primarysymbols' has invalid value. Only a comma can be used to separate tickers. For dual class stocks, only a period or apostrophe are recognized characters.""}"
284,1099,400,"{'Message': ""Parameter 'primarysymbols' has invalid value. Only a comma can be used to separate tickers. For dual class stocks, only a period or apostrophe are recognized characters.""}"
285,9684,400,"{'Message': ""Parameter 'primarysymbols' has invalid value. Only a comma can be used to separate tickers. For dual class stocks, only a period or apostrophe are recognized characters.""}"
286,1101,400,"{'Message': ""Parameter 'primarysymbols' has invalid value. Only a comma can be used to separate tickers. For dual class stocks, only a period or apostrophe are recognized characters.""}"
287,200625,400,"{'Message': ""Parameter 'primarysymbols' has invalid value. Only a comma can be used to separate tickers. For dual class stocks, only a period or apostrophe are recognized characters.""}"
288,9921,400,"{'Message': ""Parameter 'primarysymbols' has invalid value. Only a comma can be used to separate tickers. For dual class stocks, only a period or apostrophe are recognized characters.""}"
289,2454,400,"{'Message': ""Parameter 'primarysymbols' has invalid value. Only a comma can be used to separate tickers. For dual class stocks, only a period or apostrophe are recognized characters.""}"
290,J36,400,"{'Message': ""Parameter 'primarysymbols' has invalid value. Only a comma can be used to separate tickers. For dual class stocks, only a period or apostrophe are recognized characters.""}"
291,7312,400,"{'Message': ""Parameter 'primarysymbols' has invalid value. Only a comma can be used to separate tickers. For dual class stocks, only a period or apostrophe are recognized characters.""}"
292,500520,400,"{'Message': ""Parameter 'primarysymbols' has invalid value. Only a comma can be used to separate tickers. For dual class stocks, only a period or apostrophe are recognized characters.""}"
293,7261,400,"{'Message': ""Parameter 'primarysymbols' has invalid value. Only a comma can be used to separate tickers. For dual class stocks, only a period or apostrophe are recognized characters.""}"
294,532454,400,"{'Message': ""Parameter 'primarysymbols' has invalid value. Only a comma can be used to separate tickers. For dual class stocks, only a period or apostrophe are recognized characters.""}"
295,6963,400,"{'Message': ""Parameter 'primarysymbols' has invalid value. Only a comma can be used to separate tickers. For dual class stocks, only a period or apostrophe are recognized characters.""}"
296,KU2,400,"{'Message': ""Parameter 'primarysymbols' has invalid value. Only a comma can be used to separate tickers. For dual class stocks, only a period or apostrophe are recognized characters.""}"
297,000039,400,"{'Message': ""Parameter 'primarysymbols' has invalid value. Only a comma can be used to separate tickers. For dual class stocks, only a period or apostrophe are recognized characters.""}"
298,VIVT4,400,"{'Message': ""Parameter 'primarysymbols' has invalid value. Only a comma can be used to separate tickers. For dual class stocks, only a period or apostrophe are recognized characters.""}"
299,2101,400,"{'Message': ""Parameter 'primarysymbols' has invalid value. Only a comma can be used to separate tickers. For dual class stocks, only a period or apostrophe are recognized characters.""}"
300,8591,400,"{'Message': ""Parameter 'primarysymbols' has invalid value. Only a comma can be used to separate tickers. For dual class stocks, only a period or apostrophe are recognized characters.""}"
301,7974,400,"{'Message': ""Parameter 'primarysymbols' has invalid value. Only a comma can be used to separate tickers. For dual class stocks, only a period or apostrophe are recognized characters.""}"
302,6723,400,"{'Message': ""Parameter 'primarysymbols' has invalid value. Only a comma can be used to separate tickers. For dual class stocks, only a period or apostrophe are recognized characters.""}"
303,A000660,400,"{'Message': ""Parameter 'primarysymbols' has invalid value. Only a comma can be used to separate tickers. For dual class stocks, only a period or apostrophe are recognized characters.""}"
304,ATCO A,400,"{'Message': ""Parameter 'primarysymbols' has invalid value. Parameter should contain only non-empty and non-whitespace string(s).""}"
305,9987,400,"{'Message': ""Parameter 'primarysymbols' has invalid value. Only a comma can be used to separate tickers. For dual class stocks, only a period or apostrophe are recognized characters.""}"
306,532822,400,"{'Message': ""Parameter 'primarysymbols' has invalid value. Only a comma can be used to separate tickers. For dual class stocks, only a period or apostrophe are recognized characters.""}"
307,2313,400,"{'Message': ""Parameter 'primarysymbols' has invalid value. Only a comma can be used to separate tickers. For dual class stocks, only a period or apostrophe are recognized characters.""}"
308,2357,400,"{'Message': ""Parameter 'primarysymbols' has invalid value. Only a comma can be used to separate tickers. For dual class stocks, only a period or apostrophe are recognized characters.""}"
309,F99,400,"{'Message': ""Parameter 'primarysymbols' has invalid value. Only a comma can be used to separate tickers. For dual class stocks, only a period or apostrophe are recognized characters.""}"
310,3339,400,"{'Message': ""Parameter 'primarysymbols' has invalid value. Only a comma can be used to separate tickers. For dual class stocks, only a period or apostrophe are recognized characters.""}"
311,3474,400,"{'Message': ""Parameter 'primarysymbols' has invalid value. Only a comma can be used to separate tickers. For dual class stocks, only a period or apostrophe are recognized characters.""}"
312,6103,400,"{'Message': ""Parameter 'primarysymbols' has invalid value. Only a comma can be used to separate tickers. For dual class stocks, only a period or apostrophe are recognized characters.""}"
313,A000270,400,"{'Message': ""Parameter 'primarysymbols' has invalid value. Only a comma can be used to separate tickers. For dual class stocks, only a period or apostrophe are recognized characters.""}"
314,2337,400,"{'Message': ""Parameter 'primarysymbols' has invalid value. Only a comma can be used to separate tickers. For dual class stocks, only a period or apostrophe are recognized characters.""}"
315,1296,400,"{'Message': ""Parameter 'primarysymbols' has invalid value. Only a comma can be used to separate tickers. For dual class stocks, only a period or apostrophe are recognized characters.""}"
316,5371,400,"{'Message': ""Parameter 'primarysymbols' has invalid value. Only a comma can be used to separate tickers. For dual class stocks, only a period or apostrophe are recognized characters.""}"
317,A021240,400,"{'Message': ""Parameter 'primarysymbols' has invalid value. Only a comma can be used to separate tickers. For dual class stocks, only a period or apostrophe are recognized characters.""}"
318,3116,400,"{'Message': ""Parameter 'primarysymbols' has invalid value. Only a comma can be used to separate tickers. For dual class stocks, only a period or apostrophe are recognized characters.""}"
319,6503,400,"{'Message': ""Parameter 'primarysymbols' has invalid value. Only a comma can be used to separate tickers. For dual class stocks, only a period or apostrophe are recognized characters.""}"
320,9433,400,"{'Message': ""Parameter 'primarysymbols' has invalid value. Only a comma can be used to separate tickers. For dual class stocks, only a period or apostrophe are recognized characters.""}"
321,6967,400,"{'Message': ""Parameter 'primarysymbols' has invalid value. Only a comma can be used to separate tickers. For dual class stocks, only a period or apostrophe are recognized characters.""}"
322,6506,400,"{'Message': ""Parameter 'primarysymbols' has invalid value. Only a comma can be used to separate tickers. For dual class stocks, only a period or apostrophe are recognized characters.""}"
323,3682,400,"{'Message': ""Parameter 'primarysymbols' has invalid value. Only a comma can be used to separate tickers. For dual class stocks, only a period or apostrophe are recognized characters.""}"
324,3105,400,"{'Message': ""Parameter 'primarysymbols' has invalid value. Only a comma can be used to separate tickers. For dual class stocks, only a period or apostrophe are recognized characters.""}"
325,9045,400,"{'Message': ""Parameter 'primarysymbols' has invalid value. Only a comma can be used to separate tickers. For dual class stocks, only a period or apostrophe are recognized characters.""}"
326,4938,400,"{'Message': ""Parameter 'primarysymbols' has invalid value. Only a comma can be used to separate tickers. For dual class stocks, only a period or apostrophe are recognized characters.""}"
327,A009540,400,"{'Message': ""Parameter 'primarysymbols' has invalid value. Only a comma can be used to separate tickers. For dual class stocks, only a period or apostrophe are recognized characters.""}"
328,3622,400,"{'Message': ""Parameter 'primarysymbols' has invalid value. Only a comma can be used to separate tickers. For dual class stocks, only a period or apostrophe are recognized characters.""}"
329,A034730,400,"{'Message': ""Parameter 'primarysymbols' has invalid value. Only a comma can be used to separate tickers. For dual class stocks, only a period or apostrophe are recognized characters.""}"
330,6244,400,"{'Message': ""Parameter 'primarysymbols' has invalid value. Only a comma can be used to separate tickers. For dual class stocks, only a period or apostrophe are recognized characters.""}"
331,3034,400,"{'Message': ""Parameter 'primarysymbols' has invalid value. Only a comma can be used to separate tickers. For dual class stocks, only a period or apostrophe are recognized characters.""}"
332,522,400,"{'Message': ""Parameter 'primarysymbols' has invalid value. Only a comma can be used to separate tickers. For dual class stocks, only a period or apostrophe are recognized characters.""}"
333,200541,400,"{'Message': ""Parameter 'primarysymbols' has invalid value. Only a comma can be used to separate tickers. For dual class stocks, only a period or apostrophe are recognized characters.""}"
334,392,400,"{'Message': ""Parameter 'primarysymbols' has invalid value. Only a comma can be used to separate tickers. For dual class stocks, only a period or apostrophe are recognized characters.""}"
335,5108,400,"{'Message': ""Parameter 'primarysymbols' has invalid value. Only a comma can be used to separate tickers. For dual class stocks, only a period or apostrophe are recognized characters.""}"
336,A181710,400,"{'Message': ""Parameter 'primarysymbols' has invalid value. Only a comma can be used to separate tickers. For dual class stocks, only a period or apostrophe are recognized characters.""}"
337,2432,400,"{'Message': ""Parameter 'primarysymbols' has invalid value. Only a comma can be used to separate tickers. For dual class stocks, only a period or apostrophe are recognized characters.""}"
338,9766,400,"{'Message': ""Parameter 'primarysymbols' has invalid value. Only a comma can be used to separate tickers. For dual class stocks, only a period or apostrophe are recognized characters.""}"
339,3765,400,"{'Message': ""Parameter 'primarysymbols' has invalid value. Only a comma can be used to separate tickers. For dual class stocks, only a period or apostrophe are recognized characters.""}"
340,200725,400,"{'Message': ""Parameter 'primarysymbols' has invalid value. Only a comma can be used to separate tickers. For dual class stocks, only a period or apostrophe are recognized characters.""}"
341,1605,400,"{'Message': ""Parameter 'primarysymbols' has invalid value. Only a comma can be used to separate tickers. For dual class stocks, only a period or apostrophe are recognized characters.""}"
342,4689,400,"{'Message': ""Parameter 'primarysymbols' has invalid value. Only a comma can be used to separate tickers. For dual class stocks, only a period or apostrophe are recognized characters.""}"
343,NOK1V,400,"{'Message': ""Parameter 'primarysymbols' has invalid value. Only a comma can be used to separate tickers. For dual class stocks, only a period or apostrophe are recognized characters.""}"
344,7259,400,"{'Message': ""Parameter 'primarysymbols' has invalid value. Only a comma can be used to separate tickers. For dual class stocks, only a period or apostrophe are recognized characters.""}"
345,2301,400,"{'Message': ""Parameter 'primarysymbols' has invalid value. Only a comma can be used to separate tickers. For dual class stocks, only a period or apostrophe are recognized characters.""}"
346,2354,400,"{'Message': ""Parameter 'primarysymbols' has invalid value. Only a comma can be used to separate tickers. For dual class stocks, only a period or apostrophe are recognized characters.""}"
347,A047810,400,"{'Message': ""Parameter 'primarysymbols' has invalid value. Only a comma can be used to separate tickers. For dual class stocks, only a period or apostrophe are recognized characters.""}"
348,2385,400,"{'Message': ""Parameter 'primarysymbols' has invalid value. Only a comma can be used to separate tickers. For dual class stocks, only a period or apostrophe are recognized characters.""}"
349,526299,400,"{'Message': ""Parameter 'primarysymbols' has invalid value. Only a comma can be used to separate tickers. For dual class stocks, only a period or apostrophe are recognized characters.""}"
350,5110,400,"{'Message': ""Parameter 'primarysymbols' has invalid value. Only a comma can be used to separate tickers. For dual class stocks, only a period or apostrophe are recognized characters.""}"
351,13,400,"{'Message': ""Parameter 'primarysymbols' has invalid value. Only a comma can be used to separate tickers. For dual class stocks, only a period or apostrophe are recognized characters.""}"
352,6823,400,"{'Message': ""Parameter 'primarysymbols' has invalid value. Only a comma can be used to separate tickers. For dual class stocks, only a period or apostrophe are recognized characters.""}"
353,NRE1V,400,"{'Message': ""Parameter 'primarysymbols' has invalid value. Only a comma can be used to separate tickers. For dual class stocks, only a period or apostrophe are recognized characters.""}"
354,4739,400,"{'Message': ""Parameter 'primarysymbols' has invalid value. Only a comma can be used to separate tickers. For dual class stocks, only a period or apostrophe are recognized characters.""}"
355,6588,400,"{'Message': ""Parameter 'primarysymbols' has invalid value. Only a comma can be used to separate tickers. For dual class stocks, only a period or apostrophe are recognized characters.""}"
356,VOW3,400,"{'Message': ""Parameter 'primarysymbols' has invalid value. Only a comma can be used to separate tickers. For dual class stocks, only a period or apostrophe are recognized characters.""}"
357,5801,400,"{'Message': ""Parameter 'primarysymbols' has invalid value. Only a comma can be used to separate tickers. For dual class stocks, only a period or apostrophe are recognized characters.""}"
358,6113,400,"{'Message': ""Parameter 'primarysymbols' has invalid value. Only a comma can be used to separate tickers. For dual class stocks, only a period or apostrophe are recognized characters.""}"
359,2382,400,"{'Message': ""Parameter 'primarysymbols' has invalid value. Only a comma can be used to separate tickers. For dual class stocks, only a period or apostrophe are recognized characters.""}"
360,6767,400,"{'Message': ""Parameter 'primarysymbols' has invalid value. Only a comma can be used to separate tickers. For dual class stocks, only a period or apostrophe are recognized characters.""}"
361,2356,400,"{'Message': ""Parameter 'primarysymbols' has invalid value. Only a comma can be used to separate tickers. For dual class stocks, only a period or apostrophe are recognized characters.""}"
362,S63,400,"{'Message': ""Parameter 'primarysymbols' has invalid value. Only a comma can be used to separate tickers. For dual class stocks, only a period or apostrophe are recognized characters.""}"
363,532500,400,"{'Message': ""Parameter 'primarysymbols' has invalid value. Only a comma can be used to separate tickers. For dual class stocks, only a period or apostrophe are recognized characters.""}"
364,696,400,"{'Message': ""Parameter 'primarysymbols' has invalid value. Only a comma can be used to separate tickers. For dual class stocks, only a period or apostrophe are recognized characters.""}"
365,601766,400,"{'Message': ""Parameter 'primarysymbols' has invalid value. Only a comma can be used to separate tickers. For dual class stocks, only a period or apostrophe are recognized characters.""}"
366,WEGE3,400,"{'Message': ""Parameter 'primarysymbols' has invalid value. Only a comma can be used to separate tickers. For dual class stocks, only a period or apostrophe are recognized characters.""}"
367,ERIC B,400,"{'Message': ""Parameter 'primarysymbols' has invalid value. Parameter should contain only non-empty and non-whitespace string(s).""}"
368,532281,400,"{'Message': ""Parameter 'primarysymbols' has invalid value. Only a comma can be used to separate tickers. For dual class stocks, only a period or apostrophe are recognized characters.""}"
369,728,400,"{'Message': ""Parameter 'primarysymbols' has invalid value. Only a comma can be used to separate tickers. For dual class stocks, only a period or apostrophe are recognized characters.""}"
370,500103,400,"{'Message': ""Parameter 'primarysymbols' has invalid value. Only a comma can be used to separate tickers. For dual class stocks, only a period or apostrophe are recognized characters.""}"
371,4901,400,"{'Message': ""Parameter 'primarysymbols' has invalid value. Only a comma can be used to separate tickers. For dual class stocks, only a period or apostrophe are recognized characters.""}"
372,363,400,"{'Message': ""Parameter 'primarysymbols' has invalid value. Only a comma can be used to separate tickers. For dual class stocks, only a period or apostrophe are recognized characters.""}"
373,2379,400,"{'Message': ""Parameter 'primarysymbols' has invalid value. Only a comma can be used to separate tickers. For dual class stocks, only a period or apostrophe are recognized characters.""}"
374,6701,400,"{'Message': ""Parameter 'primarysymbols' has invalid value. Only a comma can be used to separate tickers. For dual class stocks, only a period or apostrophe are recognized characters.""}"
375,4768,400,"{'Message': ""Parameter 'primarysymbols' has invalid value. Only a comma can be used to separate tickers. For dual class stocks, only a period or apostrophe are recognized characters.""}"
376,TOTS3,400,"{'Message': ""Parameter 'primarysymbols' has invalid value. Only a comma can be used to separate tickers. For dual class stocks, only a period or apostrophe are recognized characters.""}"
377,2303,400,"{'Message': ""Parameter 'primarysymbols' has invalid value. Only a comma can be used to separate tickers. For dual class stocks, only a period or apostrophe are recognized characters.""}"
378,M5Z,400,"{'Message': ""Parameter 'primarysymbols' has invalid value. Only a comma can be used to separate tickers. For dual class stocks, only a period or apostrophe are recognized characters.""}"
379,J37,400,"{'Message': ""Parameter 'primarysymbols' has invalid value. Only a comma can be used to separate tickers. For dual class stocks, only a period or apostrophe are recognized characters.""}"
380,6594,400,"{'Message': ""Parameter 'primarysymbols' has invalid value. Only a comma can be used to separate tickers. For dual class stocks, only a period or apostrophe are recognized characters.""}"
381,A005380,400,"{'Message': ""Parameter 'primarysymbols' has invalid value. Only a comma can be used to separate tickers. For dual class stocks, only a period or apostrophe are recognized characters.""}"
382,2344,400,"{'Message': ""Parameter 'primarysymbols' has invalid value. Only a comma can be used to separate tickers. For dual class stocks, only a period or apostrophe are recognized characters.""}"
383,6370,400,"{'Message': ""Parameter 'primarysymbols' has invalid value. Only a comma can be used to separate tickers. For dual class stocks, only a period or apostrophe are recognized characters.""}"
384,VAC1V,400,"{'Message': ""Parameter 'primarysymbols' has invalid value. Only a comma can be used to separate tickers. For dual class stocks, only a period or apostrophe are recognized characters.""}"
385,6645,400,"{'Message': ""Parameter 'primarysymbols' has invalid value. Only a comma can be used to separate tickers. For dual class stocks, only a period or apostrophe are recognized characters.""}"
386,5191,400,"{'Message': ""Parameter 'primarysymbols' has invalid value. Only a comma can be used to separate tickers. For dual class stocks, only a period or apostrophe are recognized characters.""}"
387,ORIENT,400,"{'Message': ""Parameter 'primarysymbols' has invalid value. Only a comma can be used to separate tickers. For dual class stocks, only a period or apostrophe are recognized characters.""}"
388,6417,400,"{'Message': ""Parameter 'primarysymbols' has invalid value. Only a comma can be used to separate tickers. For dual class stocks, only a period or apostrophe are recognized characters.""}"
389,4062,400,"{'Message': ""Parameter 'primarysymbols' has invalid value. Only a comma can be used to separate tickers. For dual class stocks, only a period or apostrophe are recognized characters.""}"
390,2409,400,"{'Message': ""Parameter 'primarysymbols' has invalid value. Only a comma can be used to separate tickers. For dual class stocks, only a period or apostrophe are recognized characters.""}"
391,6361,400,"{'Message': ""Parameter 'primarysymbols' has invalid value. Only a comma can be used to separate tickers. For dual class stocks, only a period or apostrophe are recognized characters.""}"
392,7276,400,"{'Message': ""Parameter 'primarysymbols' has invalid value. Only a comma can be used to separate tickers. For dual class stocks, only a period or apostrophe are recognized characters.""}"
393,6501,400,"{'Message': ""Parameter 'primarysymbols' has invalid value. Only a comma can be used to separate tickers. For dual class stocks, only a period or apostrophe are recognized characters.""}"
394,6753,400,"{'Message': ""Parameter 'primarysymbols' has invalid value. Only a comma can be used to separate tickers. For dual class stocks, only a period or apostrophe are recognized characters.""}"
395,900947,400,"{'Message': ""Parameter 'primarysymbols' has invalid value. Only a comma can be used to separate tickers. For dual class stocks, only a period or apostrophe are recognized characters.""}"
396,2333,400,"{'Message': ""Parameter 'primarysymbols' has invalid value. Only a comma can be used to separate tickers. For dual class stocks, only a period or apostrophe are recognized characters.""}"
397,TIMP3,400,"{'Message': ""Parameter 'primarysymbols' has invalid value. Only a comma can be used to separate tickers. For dual class stocks, only a period or apostrophe are recognized characters.""}"
398,6581,400,"{'Message': ""Parameter 'primarysymbols' has invalid value. Only a comma can be used to separate tickers. For dual class stocks, only a period or apostrophe are recognized characters.""}"
399,9719,400,"{'Message': ""Parameter 'primarysymbols' has invalid value. Only a comma can be used to separate tickers. For dual class stocks, only a period or apostrophe are recognized characters.""}"
400,DASA3,400,"{'Message': ""Parameter 'primarysymbols' has invalid value. Only a comma can be used to separate tickers. For dual class stocks, only a period or apostrophe are recognized characters.""}"
401,A018880,400,"{'Message': ""Parameter 'primarysymbols' has invalid value. Only a comma can be used to separate tickers. For dual class stocks, only a period or apostrophe are recognized characters.""}"
402,6592,400,"{'Message': ""Parameter 'primarysymbols' has invalid value. Only a comma can be used to separate tickers. For dual class stocks, only a period or apostrophe are recognized characters.""}"
403,3436,400,"{'Message': ""Parameter 'primarysymbols' has invalid value. Only a comma can be used to separate tickers. For dual class stocks, only a period or apostrophe are recognized characters.""}"
404,A012330,400,"{'Message': ""Parameter 'primarysymbols' has invalid value. Only a comma can be used to separate tickers. For dual class stocks, only a period or apostrophe are recognized characters.""}"
405,3532,400,"{'Message': ""Parameter 'primarysymbols' has invalid value. Only a comma can be used to separate tickers. For dual class stocks, only a period or apostrophe are recognized characters.""}"
406,6472,400,"{'Message': ""Parameter 'primarysymbols' has invalid value. Only a comma can be used to separate tickers. For dual class stocks, only a period or apostrophe are recognized characters.""}"
407,A001040,400,"{'Message': ""Parameter 'primarysymbols' has invalid value. Only a comma can be used to separate tickers. For dual class stocks, only a period or apostrophe are recognized characters.""}"
408,A012450,400,"{'Message': ""Parameter 'primarysymbols' has invalid value. Only a comma can be used to separate tickers. For dual class stocks, only a period or apostrophe are recognized characters.""}"
409,B2F,400,"{'Message': ""Parameter 'primarysymbols' has invalid value. Only a comma can be used to separate tickers. For dual class stocks, only a period or apostrophe are recognized characters.""}"
410,ELUX B,400,"{'Message': ""Parameter 'primarysymbols' has invalid value. Parameter should contain only non-empty and non-whitespace string(s).""}"
411,7951,400,"{'Message': ""Parameter 'primarysymbols' has invalid value. Only a comma can be used to separate tickers. For dual class stocks, only a period or apostrophe are recognized characters.""}"
412,2338,400,"{'Message': ""Parameter 'primarysymbols' has invalid value. Only a comma can be used to separate tickers. For dual class stocks, only a period or apostrophe are recognized characters.""}"
413,7309,400,"{'Message': ""Parameter 'primarysymbols' has invalid value. Only a comma can be used to separate tickers. For dual class stocks, only a period or apostrophe are recognized characters.""}"
414,2392,400,"{'Message': ""Parameter 'primarysymbols' has invalid value. Only a comma can be used to separate tickers. For dual class stocks, only a period or apostrophe are recognized characters.""}"
415,1066,400,"{'Message': ""Parameter 'primarysymbols' has invalid value. Only a comma can be used to separate tickers. For dual class stocks, only a period or apostrophe are recognized characters.""}"
416,DRW3,400,"{'Message': ""Parameter 'primarysymbols' has invalid value. Only a comma can be used to separate tickers. For dual class stocks, only a period or apostrophe are recognized characters.""}"
417,A035720,400,"{'Message': ""Parameter 'primarysymbols' has invalid value. Only a comma can be used to separate tickers. For dual class stocks, only a period or apostrophe are recognized characters.""}"
418,6754,400,"{'Message': ""Parameter 'primarysymbols' has invalid value. Only a comma can be used to separate tickers. For dual class stocks, only a period or apostrophe are recognized characters.""}"
419,9437,400,"{'Message': ""Parameter 'primarysymbols' has invalid value. Only a comma can be used to separate tickers. For dual class stocks, only a period or apostrophe are recognized characters.""}"
420,7282,400,"{'Message': ""Parameter 'primarysymbols' has invalid value. Only a comma can be used to separate tickers. For dual class stocks, only a period or apostrophe are recognized characters.""}"
421,7003,400,"{'Message': ""Parameter 'primarysymbols' has invalid value. Only a comma can be used to separate tickers. For dual class stocks, only a period or apostrophe are recognized characters.""}"
422,6460,400,"{'Message': ""Parameter 'primarysymbols' has invalid value. Only a comma can be used to separate tickers. For dual class stocks, only a period or apostrophe are recognized characters.""}"
423,3189,400,"{'Message': ""Parameter 'primarysymbols' has invalid value. Only a comma can be used to separate tickers. For dual class stocks, only a period or apostrophe are recognized characters.""}"
424,6995,400,"{'Message': ""Parameter 'primarysymbols' has invalid value. Only a comma can be used to separate tickers. For dual class stocks, only a period or apostrophe are recognized characters.""}"
425,5333,400,"{'Message': ""Parameter 'primarysymbols' has invalid value. Only a comma can be used to separate tickers. For dual class stocks, only a period or apostrophe are recognized characters.""}"
426,590057,400,"{'Message': ""Parameter 'primarysymbols' has invalid value. Only a comma can be used to separate tickers. For dual class stocks, only a period or apostrophe are recognized characters.""}"
427,A010140,400,"{'Message': ""Parameter 'primarysymbols' has invalid value. Only a comma can be used to separate tickers. For dual class stocks, only a period or apostrophe are recognized characters.""}"
428,CLS1,400,"{'Message': ""Parameter 'primarysymbols' has invalid value. Only a comma can be used to separate tickers. For dual class stocks, only a period or apostrophe are recognized characters.""}"
429,242,400,"{'Message': ""Parameter 'primarysymbols' has invalid value. Only a comma can be used to separate tickers. For dual class stocks, only a period or apostrophe are recognized characters.""}"
430,1888,400,"{'Message': ""Parameter 'primarysymbols' has invalid value. Only a comma can be used to separate tickers. For dual class stocks, only a period or apostrophe are recognized characters.""}"
431,3576,400,"{'Message': ""Parameter 'primarysymbols' has invalid value. Only a comma can be used to separate tickers. For dual class stocks, only a period or apostrophe are recognized characters.""}"
432,A036570,400,"{'Message': ""Parameter 'primarysymbols' has invalid value. Only a comma can be used to separate tickers. For dual class stocks, only a period or apostrophe are recognized characters.""}"
433,COLO B,400,"{'Message': ""Parameter 'primarysymbols' has invalid value. Parameter should contain only non-empty and non-whitespace string(s).""}"
434,4544,400,"{'Message': ""Parameter 'primarysymbols' has invalid value. Only a comma can be used to separate tickers. For dual class stocks, only a period or apostrophe are recognized characters.""}"
435,500480,400,"{'Message': ""Parameter 'primarysymbols' has invalid value. Only a comma can be used to separate tickers. For dual class stocks, only a period or apostrophe are recognized characters.""}"
436,532466,400,"{'Message': ""Parameter 'primarysymbols' has invalid value. Only a comma can be used to separate tickers. For dual class stocks, only a period or apostrophe are recognized characters.""}"
437,MEO1V,400,"{'Message': ""Parameter 'primarysymbols' has invalid value. Only a comma can be used to separate tickers. For dual class stocks, only a period or apostrophe are recognized characters.""}"
438,2049,400,"{'Message': ""Parameter 'primarysymbols' has invalid value. Only a comma can be used to separate tickers. For dual class stocks, only a period or apostrophe are recognized characters.""}"
439,425,400,"{'Message': ""Parameter 'primarysymbols' has invalid value. Only a comma can be used to separate tickers. For dual class stocks, only a period or apostrophe are recognized characters.""}"
440,500493,400,"{'Message': ""Parameter 'primarysymbols' has invalid value. Only a comma can be used to separate tickers. For dual class stocks, only a period or apostrophe are recognized characters.""}"
441,6471,400,"{'Message': ""Parameter 'primarysymbols' has invalid value. Only a comma can be used to separate tickers. For dual class stocks, only a period or apostrophe are recognized characters.""}"
442,517334,400,"{'Message': ""Parameter 'primarysymbols' has invalid value. Only a comma can be used to separate tickers. For dual class stocks, only a period or apostrophe are recognized characters.""}"
443,A006260,400,"{'Message': ""Parameter 'primarysymbols' has invalid value. Only a comma can be used to separate tickers. For dual class stocks, only a period or apostrophe are recognized characters.""}"
444,8069,400,"{'Message': ""Parameter 'primarysymbols' has invalid value. Only a comma can be used to separate tickers. For dual class stocks, only a period or apostrophe are recognized characters.""}"
445,2327,400,"{'Message': ""Parameter 'primarysymbols' has invalid value. Only a comma can be used to separate tickers. For dual class stocks, only a period or apostrophe are recognized characters.""}"
446,500086,400,"{'Message': ""Parameter 'primarysymbols' has invalid value. Only a comma can be used to separate tickers. For dual class stocks, only a period or apostrophe are recognized characters.""}"
447,9613,400,"{'Message': ""Parameter 'primarysymbols' has invalid value. Only a comma can be used to separate tickers. For dual class stocks, only a period or apostrophe are recognized characters.""}"
448,SUPREMEIND,400,"{'Message': ""Parameter 'primarysymbols' has invalid value. Only a comma can be used to separate tickers. For dual class stocks, only a period or apostrophe are recognized characters.""}"
